{
  "CasualGames": [
	  {
      "OrderNumber": "1",
      "ImageName": "LiveTiles2_Solitaire_Mobile.png",
   	  "WebUri": "https://go.microsoft.com/fwlink/?linkid=2093386"
    },
	  {
      "OrderNumber": "2",
      "ImageName": "MicrosoftMahjong.png",
      "StoreId": "1297290225",
      "GameName": "Microsoft Mahjong",
      "PFN": "Microsoft.MicrosoftMahjong_8wekyb3d8bbwe",
	    "Referrer": "MCG_solitaire_othergames",
      "Protocol": "xboxliveapp-1297290225"
    },
	  {
      "OrderNumber": "3",
      "ImageName": "MicrosoftUltimateWordGames1.png",
      "StoreId": "534004979",
      "GameName": "Microsoft Ultimate Word Games",
      "PFN": "Microsoft.Studios.Wordament_8wekyb3d8bbwe",
   	  "Referrer": "MCG_solitaire_othergames",
      "Protocol": "xboxliveapp-534004979"
    },
    {
      "OrderNumber": "4",
      "ImageName": "MicrosoftJigsaw.png",
      "StoreId": "1297292166",
      "GameName": "Microsoft Jigsaw",
      "PFN": "Microsoft.MicrosoftJigsaw_8wekyb3d8bbwe",
	    "Referrer": "MCG_solitaire_othergames",
      "Protocol": "xboxliveapp-1297292166"
    },	
    {
      "OrderNumber": "5",
      "ImageName": "MicrosoftSudoku.jpg",
      "StoreId": "1297292189",
      "GameName": "Microsoft Sudoku",
      "PFN": "Microsoft.MicrosoftSudoku_8wekyb3d8bbwe",
	    "Referrer": "MCG_solitaire_othergames",
      "Protocol": "xboxliveapp-1297292189"
    },
	  {
      "OrderNumber": "6",
      "ImageName": "MicrosoftUltimateWordGames.png",
      "StoreId": "534004979",
      "GameName": "Microsoft Wordament",
      "PFN": "Microsoft.Studios.Wordament_8wekyb3d8bbwe",
   	  "Referrer": "MCG_solitaire_othergames",
      "Protocol": "xboxliveapp-534004979"
    },
	  {
      "OrderNumber": "7",
      "ImageName": "MicrosoftTreasureHunt.png",
      "StoreId": "1297292186",
      "GameName": "Microsoft Treasure Hunt",
      "PFN": "Microsoft.MicrosoftTreasureHunt_8wekyb3d8bbwe",
	    "Referrer": "MCG_solitaire_othergames",
      "Protocol": "xboxliveapp-1297292186"
    },
    {
      "OrderNumber": "8",
      "ImageName": "MicrosoftMinesweeper.png",
      "StoreId": "1297290226",
      "GameName": "Microsoft Minesweeper",
      "PFN": "Microsoft.MicrosoftMinesweeper_8wekyb3d8bbwe",
	    "Referrer": "MCG_solitaire_othergames",
      "Protocol": "xboxliveapp-1297290226"
    }

  ],
  "CasualGamesV2": [
	  {
      "OrderNumber": "1",
      "ImageName": "LiveTiles2_Solitaire_Mobile.png",
   	  "WebUri": "https://go.microsoft.com/fwlink/?linkid=2093386"
    },
	  {
      "OrderNumber": "2",
      "ImageName": "MicrosoftMahjong.png",
      "StoreId": "1297290225",
      "GameName": "Microsoft Mahjong",
      "PFN": "Microsoft.MicrosoftMahjong_8wekyb3d8bbwe",
	    "Referrer": "MCG_solitaire_othergames",
      "Protocol": "xboxliveapp-1297290225"
    },
	  {
      "OrderNumber": "3",
      "ImageName": "MicrosoftUltimateWordGames1.png",
      "StoreId": "534004979",
      "GameName": "Microsoft Ultimate Word Games",
      "PFN": "Microsoft.Studios.Wordament_8wekyb3d8bbwe",
   	  "Referrer": "MCG_solitaire_othergames",
      "Protocol": "xboxliveapp-534004979"
    },
    {
      "OrderNumber": "4",
      "ImageName": "MicrosoftJigsaw.png",
      "StoreId": "1297292166",
      "GameName": "Microsoft Jigsaw",
      "PFN": "Microsoft.MicrosoftJigsaw_8wekyb3d8bbwe",
	    "Referrer": "MCG_solitaire_othergames",
      "Protocol": "xboxliveapp-1297292166"
    },
    {
      "OrderNumber": "5",
      "ImageName": "MicrosoftSudoku.jpg",
      "StoreId": "1297292189",
      "GameName": "Microsoft Sudoku",
      "PFN": "Microsoft.MicrosoftSudoku_8wekyb3d8bbwe",
	    "Referrer": "MCG_solitaire_othergames",
	    "HideFromCulture": "ja-JP;ja",
      "Protocol": "xboxliveapp-1297292189"
    },
	  {
      "OrderNumber": "6",
      "ImageName": "MicrosoftUltimateWordGames.png",
      "StoreId": "534004979",
      "GameName": "Microsoft Wordament",
      "PFN": "Microsoft.Studios.Wordament_8wekyb3d8bbwe",
   	  "Referrer": "MCG_solitaire_othergames",
      "Protocol": "xboxliveapp-534004979"
    },
	  {
      "OrderNumber": "7",
      "ImageName": "MicrosoftTreasureHunt.png",
      "StoreId": "1297292186",
      "GameName": "Microsoft Treasure Hunt",
      "PFN": "Microsoft.MicrosoftTreasureHunt_8wekyb3d8bbwe",
	    "Referrer": "MCG_solitaire_othergames",
      "Protocol": "xboxliveapp-1297292186"
    },
    {
      "OrderNumber": "8",
      "ImageName": "MicrosoftMinesweeper.png",
      "StoreId": "1297290226",
      "GameName": "Microsoft Minesweeper",
      "PFN": "Microsoft.MicrosoftMinesweeper_8wekyb3d8bbwe",
	    "Referrer": "MCG_solitaire_othergames",
	    "HideFromCulture": "it-It",
      "Protocol": "xboxliveapp-1297290226"
    },	
    {
      "OrderNumber": "9",
      "ImageName": "MicrosoftNumberPuzzle.jpg",
      "StoreId": "1297292190",
      "GameName": "Microsoft Number Puzzle",
      "PFN": "Microsoft.MicrosoftNumberPuzzle_8wekyb3d8bbwe",
	    "Referrer": "MCG_solitaire_othergames",
      "ShowForCulture": "ja-JP;ja",
      "VisibleFor": ".JP;ja-JP;ja",
      "Protocol": "xboxliveapp-1297292190"
    },
    {
      "OrderNumber": "10",
      "ImageName": "MicrosoftMinesweeper1.png",
      "StoreId": "1297290226",
      "GameName": "Microsoft Minesweeper",
      "PFN": "Microsoft.MicrosoftMinesweeper_8wekyb3d8bbwe",
	    "Referrer": "MCG_solitaire_othergames",
      "ShowForCulture": "it-It",
      "VisibleFor": ".IT;it-IT",
      "Protocol": "xboxliveapp-1297290226"
    }
  ],
  "CasualGamesV3": [
    {
      "OrderNumber": "1",
      "ImageName": "LiveTiles2_Solitaire_Mobile.png",
   	  "WebUri": "https://go.microsoft.com/fwlink/?linkid=2093386"
    },
	  {
      "OrderNumber": "2",
      "ImageName": "MicrosoftMahjong.png",
      "StoreId": "1297290225",
      "GameName": "Microsoft Mahjong",
      "PFN": "Microsoft.MicrosoftMahjong_8wekyb3d8bbwe",
	    "Referrer": "MCG_solitaire_othergames",
      "Protocol": "xboxliveapp-1297290225"
    },
    {
      "OrderNumber": "3",
      "ImageName": "MicrosoftJewel.jpg",
      "GameName": "Microsoft Jewel",
      "Ready2PlayUri": "https://cdn.zone.msn.com/assets/games/microsoftjewel/20201210T001103_1.2.4_releases_2020_11_1.1.1_quitStandaloneFix_5638c32_msn/default.html?hostingEnvironment=solitaireWindows10"
	},
    {
      "OrderNumber": "4",
      "ImageName": "MicrosoftJigsaw.png",
      "StoreId": "1297292166",
      "GameName": "Microsoft Jigsaw",
      "PFN": "Microsoft.MicrosoftJigsaw_8wekyb3d8bbwe",
	    "Referrer": "MCG_solitaire_othergames",
      "Protocol": "xboxliveapp-1297292166"
    },
    {
      "OrderNumber": "5",
      "ImageName": "MicrosoftSudoku.jpg",
      "StoreId": "1297292189",
      "GameName": "Microsoft Sudoku",
      "PFN": "Microsoft.MicrosoftSudoku_8wekyb3d8bbwe",
	    "Referrer": "MCG_solitaire_othergames",
	    "HideFromCulture": "ja-JP;ja",
      "Protocol": "xboxliveapp-1297292189"
    },
    {
      "OrderNumber": "6",
      "ImageName": "MicrosoftUltimateWordGames1.png",
      "StoreId": "534004979",
      "GameName": "Microsoft Ultimate Word Games",
      "PFN": "Microsoft.Studios.Wordament_8wekyb3d8bbwe",
   	  "Referrer": "MCG_solitaire_othergames",
      "Protocol": "xboxliveapp-534004979"
    },
    {
      "OrderNumber": "7",
      "ImageName": "MicrosoftTreasureHunt.png",
      "StoreId": "1297292186",
      "GameName": "Microsoft Treasure Hunt",
      "PFN": "Microsoft.MicrosoftTreasureHunt_8wekyb3d8bbwe",
	    "Referrer": "MCG_solitaire_othergames",
      "Protocol": "xboxliveapp-1297292186"
    },
    {
      "OrderNumber": "8",
      "ImageName": "MicrosoftMinesweeper.png",
      "StoreId": "1297290226",
      "GameName": "Microsoft Minesweeper",
      "PFN": "Microsoft.MicrosoftMinesweeper_8wekyb3d8bbwe",
	    "Referrer": "MCG_solitaire_othergames",
	    "HideFromCulture": "it-It",
      "Protocol": "xboxliveapp-1297290226"
    },
    {
      "OrderNumber": "9",
      "ImageName": "MicrosoftNumberPuzzle.jpg",
      "StoreId": "1297292190",
      "GameName": "Microsoft Number Puzzle",
      "PFN": "Microsoft.MicrosoftNumberPuzzle_8wekyb3d8bbwe",
	    "Referrer": "MCG_solitaire_othergames",
      "ShowForCulture": "ja-JP;ja",
      "VisibleFor": ".JP;ja-JP;ja",
      "Protocol": "xboxliveapp-1297292190"
    },
    {
      "OrderNumber": "10",
      "ImageName": "MicrosoftMinesweeper1.png",
      "StoreId": "1297290226",
      "GameName": "Microsoft Minesweeper",
      "PFN": "Microsoft.MicrosoftMinesweeper_8wekyb3d8bbwe",
	    "Referrer": "MCG_solitaire_othergames",
      "ShowForCulture": "it-It",
      "VisibleFor": ".IT;it-IT",
      "Protocol": "xboxliveapp-1297290226"
    }
  ],
  "MobileCasualGames": [
    {
      "OrderNumber": "1",
      "ImageName": "MicrosoftMahjong.png",
      "StoreId": "1297290225",
      "GameName": "Microsoft Mahjong",
      "PFN": "Microsoft.MicrosoftMahjong_8wekyb3d8bbwe",
	    "Referrer": "MCG_solitaire_othergames",
      "Protocol": "xboxliveapp-1297290225"
    },
    {
      "OrderNumber": "2",
      "ImageName": "MicrosoftMinesweeper.png",
      "StoreId": "1297290226",
      "GameName": "Microsoft Minesweeper",
      "PFN": "Microsoft.MicrosoftMinesweeper_8wekyb3d8bbwe",
	    "Referrer": "MCG_solitaire_othergames",
      "Protocol": "xboxliveapp-1297290226"
    },
	  {
	    "OrderNumber": "3",
      "ImageName": "MicrosoftMinesweeper1.png",
      "StoreId": "1297290226",
      "GameName": "Microsoft Minesweeper",
      "PFN": "Microsoft.MicrosoftMinesweeper_8wekyb3d8bbwe",
	    "Referrer": "MCG_solitaire_othergames",
      "ShowForCulture": "it-It",
      "VisibleFor": ".IT;it-IT",
      "Protocol": "xboxliveapp-1297290226"
    }
  ]
}